time,AirTemp,ShortWave,LongWave,RelHum,WindSpeed,Rain,Snow
2021-02-01 00:00,16.003,0,378.2,95.03,0.9282,0,0
2021-02-01 01:00,15.5912,0,377.65,94.185,1.0512,0,0
2021-02-01 02:00,15.1735,0.015,377.75,90.705,1.3643,0,0
2021-02-01 03:00,14.5925,49.975,366.1,89.03,1.4426,0,0
2021-02-01 04:00,14.2681,107.43,380.65,82.97,2.0688,0,0
2021-02-01 05:00,12.8386,103.965,377.4,79.69,2.5609,0,0
2021-02-01 06:00,11.0201,83.435,366.05,75.375,2.6392,0,0
2021-02-01 07:00,10.0972,78.145,358.75,73.93,2.5833,0,0
2021-02-01 08:00,9.7937,160.675,352.8,69.445,2.5833,0,0
2021-02-01 09:00,9.532,187.495,347.25,62.24,2.8069,0,0
2021-02-01 10:00,8.5641,67.65,344.3,66.245,2.5721,0,0
2021-02-01 11:00,8.3877,51.03,341.2,63.955,2.5385,0,0
2021-02-01 12:00,7.6841,12.35,340.95,65.925,2.628,0,0
2021-02-01 13:00,6.9362,2.38,335.65,64.8,2.5721,0,0
2021-02-01 14:00,6.6844,0,334.25,65.605,2.1248,0,0
2021-02-01 15:00,6.523,0,332.85,62.39,2.874,0,0
2021-02-01 16:00,6.3846,0,332.25,62.505,2.0241,0,0
2021-02-01 17:00,6.3124,0,331.4,62.76,2.0688,0,0
2021-02-01 18:00,6.2119,0,331.65,62.7,2.2925,0,0
2021-02-01 19:00,6.1094,0,331.4,63.35,2.2701,0,0
2021-02-01 20:00,5.9341,0,331,64.33,2.3149,0,0
2021-02-01 21:00,5.8338,0,330.3,63.77,2.4491,0,0
2021-02-01 22:00,5.7229,0,330.05,63.895,2.382,0,0
2021-02-01 23:00,5.5761,0,329,63.065,2.7957,0,0
2021-02-02 00:00,5.326,0,326.8,62.455,2.4267,0,0
2021-02-02 01:00,4.9561,0,321.6,59.475,2.8181,0,0
2021-02-02 02:00,4.189,0,319,58.67,2.4491,0,0
2021-02-02 03:00,3.6087,46.415,302.85,60.84,2.4267,0,0
2021-02-02 04:00,4.0766,203.885,287.25,59.28,2.7063,0,0
2021-02-02 05:00,5.9132,492.73,256.35,51.715,2.997,0,0
2021-02-02 06:00,7.4171,666.365,259,47.4,3.0641,0,0
2021-02-02 07:00,8.7599,764.585,262.95,43.495,3.1648,0,0
2021-02-02 08:00,9.8895,786.34,266,40.805,3.0977,0,0
2021-02-02 09:00,10.8581,733.875,269,39.87,3.0418,0,0
2021-02-02 10:00,11.2119,326.5,269,40.645,3.0306,0,0
2021-02-02 11:00,11.438,137.125,268.9,40.445,2.6839,0,0
2021-02-02 12:00,10.9545,117.865,268.7,41.87,2.3931,0,0
2021-02-02 13:00,9.3903,4.035,265.25,47.655,1.6886,0,0
2021-02-02 14:00,7.3475,0,260.55,56.42,1.0176,0,0
2021-02-02 15:00,6.1424,0,255.85,61.025,0.8499,0,0
2021-02-02 16:00,5.3374,0,252.6,60.965,0.917,0,0
2021-02-02 17:00,4.3342,0,250.25,63.635,0.8946,0,0
2021-02-02 18:00,4.5915,0,249.7,60.74,1.0288,0,0
2021-02-02 19:00,3.8557,0,248.3,63.46,0.8946,0,0
2021-02-02 20:00,3.8058,0,246.75,63.38,1.1407,0,0
2021-02-02 21:00,3.274,0,244.05,64.175,1.0288,0,0
2021-02-02 22:00,2.7778,0,241.45,65.645,1.0065,0,0
2021-02-02 23:00,1.7702,0,237.85,70.625,0.917,0,0
2021-02-03 00:00,0.8495,0,234.6,74.975,0.7604,0,0
2021-02-03 01:00,-0.3579,0,231.8,80.835,0.9617,0,0
2021-02-03 02:00,0.1867,0.09,232.45,77.19,0.9953,0,0
2021-02-03 03:00,2.361,120.84,236.05,70.49,1.409,0,0
2021-02-03 04:00,5.0067,329.895,242,55.115,2.6168,0,0
2021-02-03 05:00,6.4116,533.81,246,47.53,2.3484,0,0
2021-02-03 06:00,7.8332,690.825,250.85,42.285,2.4043,0,0
2021-02-03 07:00,9.3984,782.65,257.2,38.07,2.6727,0,0
2021-02-03 08:00,10.8141,799.285,265.2,35.795,3.0194,0,0
2021-02-03 09:00,12.4249,739.195,270.65,31.31,2.6056,0,0
2021-02-03 10:00,13.231,333.67,272.8,28.84,2.5385,0,0
2021-02-03 11:00,13.6787,142.76,272.9,26.49,2.1136,0,0
2021-02-03 12:00,13.0276,113.31,273.65,29.135,1.4538,0,0
2021-02-03 13:00,9.9219,3.775,267.2,40.475,0.917,0,0
2021-02-03 14:00,6.1459,0,258.8,58.97,1.0512,0,0
2021-02-03 15:00,4.0365,0,254.05,71.62,1.04,0,0
2021-02-03 16:00,2.6999,0,252.05,81.585,1.1518,0,0
2021-02-03 17:00,2.185,0,250.5,80.165,1.2637,0,0
2021-02-03 18:00,1.0938,0,248.7,86.775,1.1071,0,0
2021-02-03 19:00,0.1299,0,250.25,94.205,1.1071,0,0
2021-02-03 20:00,-0.5237,0,250.65,93.725,1.4985,0,0
2021-02-03 21:00,-0.9701,0,255.2,96.09,1.4761,0,0
2021-02-03 22:00,-1.5566,0,271.8,97.56,1.2301,0,0
2021-02-03 23:00,-1.6566,0,279.8,98.035,1.2301,0,0
2021-02-04 00:00,-1.689,0,281.9,97.895,1.2301,0,0
2021-02-04 01:00,-1.9938,0,282.45,98.035,1.1742,0,0
2021-02-04 02:00,-2.3537,0,282.4,97.725,1.0288,0,0
2021-02-04 03:00,-0.8305,77.615,291.25,98.065,0.8275,0,0
2021-02-04 04:00,4.4594,306.08,290,90.165,1.3308,0,0
2021-02-04 05:00,10.2206,488.9,276.25,50.38,1.6327,0,0
2021-02-04 06:00,13.2028,596.59,287.1,32.85,2.6504,0,0
2021-02-04 07:00,14.7303,772.41,286.45,26.495,3.2319,0,0
2021-02-04 08:00,15.6901,768.86,294.25,25.41,3.7575,0,0
2021-02-04 09:00,17.2306,655.885,301.1,23.845,3.2319,0,0
2021-02-04 10:00,17.8823,320.475,300.75,20.025,3.5562,0,0
2021-02-04 11:00,18.0627,163.69,302.45,22.49,3.2766,0,0
2021-02-04 12:00,17.4257,88.08,305,24.385,2.6504,0,0
2021-02-04 13:00,13.7781,10.545,300.25,44.545,0.6039,0,0
2021-02-04 14:00,10.1072,0,288.85,56.92,0.7493,0,0
2021-02-04 15:00,8.2151,0,286.4,66.79,0.6262,0,0
2021-02-04 16:00,7.4734,0,288.3,78.56,0.6822,0,0
2021-02-04 17:00,7.3389,0,295.6,79.055,0.8723,0,0
2021-02-04 18:00,7.7436,0.17,324.8,76.32,0.7716,0,0
2021-02-04 19:00,8.0696,0,329.3,77.495,0.7381,0,0
2021-02-04 20:00,8.7937,0,319.6,66.215,0.8611,0,0
2021-02-04 21:00,9.1457,0,317.4,68.545,1.4873,0,0
2021-02-04 22:00,9.339,0,324.05,59.985,1.465,0,0
2021-02-04 23:00,9.9264,0.04,352.3,56.7,1.6215,0,0
2021-02-05 00:00,10.2263,0,356.75,58.07,1.8228,0,0
2021-02-05 01:00,10.3732,0,359.7,54.37,1.6998,0,0
2021-02-05 02:00,10.7498,2.025,376.3,55.025,2.6392,0,0
2021-02-05 03:00,11.3641,23.49,379,48.97,2.2925,0,0
2021-02-05 04:00,11.8129,49.83,379.55,48.845,0.9282,0,0
2021-02-05 05:00,12.8465,121.94,382.45,52.71,1.4985,0,0
2021-02-05 06:00,13.7749,135.905,388.4,66.215,2.203,0,0
2021-02-05 07:00,12.7691,194.595,390.2,89.695,1.163,0.012,0
2021-02-05 08:00,16.147,386.835,404.5,77.4,3.0529,0,0
2021-02-05 09:00,19.7129,257.925,412.65,65.61,6.2624,0,0
2021-02-05 10:00,19.3444,257.1,404.9,77.13,7.2465,0,0
2021-02-05 11:00,18.982,174.17,404.5,81.95,5.5467,0,0
2021-02-05 12:00,18.8649,32.675,407.65,81.79,2.0241,0,0
2021-02-05 13:00,17.6344,0,409.35,91.54,1.5768,0.024,0
2021-02-05 14:00,16.6513,0,407.15,97.51,0.7045,0,0
2021-02-05 15:00,16.5324,0,406.85,98.65,0.6486,0,0
2021-02-05 16:00,16.7323,0,407.55,97.715,1.4873,0,0
2021-02-05 17:00,16.7479,0,408.05,97.13,1.0624,0,0
2021-02-05 18:00,15.0657,0,401.8,96.46,2.0577,0.072,0
2021-02-05 19:00,10.5785,0,375.95,91.8,2.3708,0,0
2021-02-05 20:00,10.0803,0,371.4,92.04,1.1518,0,0
2021-02-05 21:00,10.5309,0,373.35,90.535,1.5992,0,0
2021-02-05 22:00,10.2999,0,373.7,93.695,2.874,0.084,0
2021-02-05 23:00,9.981,0,372,97.77,2.4826,0.024,0
2021-02-06 00:00,9.6663,0,370.45,97.055,2.9858,0.048,0
2021-02-06 01:00,9.4374,0,368.9,96.415,3.1089,0.012,0
2021-02-06 02:00,9.5038,0.19,369.6,97.175,2.4826,0.024,0
2021-02-06 03:00,9.5973,6.34,370.9,97.37,1.957,0.012,0
2021-02-06 04:00,9.789,66.94,372.55,96.26,2.3596,0,0
2021-02-06 05:00,10.6224,179.795,377.35,94.445,4.0818,0,0
2021-02-06 06:00,11.8446,173.495,381.7,91.035,4.339,0,0
2021-02-06 07:00,13.3799,351.07,387.15,88.285,6.788,0,0
2021-02-06 08:00,14.7448,260.92,389.55,85.545,6.6427,0,0
2021-02-06 09:00,15.0872,123.74,394.15,86.16,5.7704,0,0
2021-02-06 10:00,14.5756,45.065,392,88.505,5.3119,0,0
2021-02-06 11:00,13.9263,34.495,387.3,91.655,5.0547,0,0
2021-02-06 12:00,13.5512,12.735,390.75,93.71,5.2112,0.156,0
2021-02-06 13:00,13.1645,0.89,388.7,98.35,3.7015,0.072,0
2021-02-06 14:00,12.7491,0,386.25,98.235,2.8852,0.012,0
2021-02-06 15:00,13.0979,0.2,388.8,98.465,2.8628,0.036,0
2021-02-06 16:00,14.2396,0.64,395.1,98.895,1.8564,0.096,0
2021-02-06 17:00,14.6464,0.445,398.9,99.235,1.342,0,0
2021-02-06 18:00,14.9221,0.47,400.4,99.325,1.0847,0,0
2021-02-06 19:00,15.1891,0.295,402.3,99.465,1.0847,0.252,0
2021-02-06 20:00,16.7751,1.115,409.1,99.97,2.0577,0.5039,0
2021-02-06 21:00,18.2507,0,414.65,99.195,2.751,0.024,0
2021-02-06 22:00,17.9846,0,414.15,99.33,1.3196,0,0
2021-02-06 23:00,18.0778,0.175,416.15,99.43,1.8228,0.192,0
2021-02-07 00:00,18.529,0,416.4,99.515,1.2413,0,0
2021-02-07 01:00,18.9807,0.145,420.3,99.47,1.4426,0,0
2021-02-07 02:00,19.134,0.66,420.9,99.385,1.0847,0,0
2021-02-07 03:00,18.4615,34.305,416.75,97.735,1.7334,0,0
2021-02-07 04:00,16.6537,83.9,407.05,95,1.8564,0,0
2021-02-07 05:00,17.2967,379.58,408.8,84.605,2.1248,0,0
2021-02-07 06:00,16.6303,222.745,410.25,82.08,1.8452,0,0
2021-02-07 07:00,17.2511,601.605,403.9,75.205,2.4938,0,0
2021-02-07 08:00,19.0503,752.195,381.3,67.33,2.3596,0,0
2021-02-07 09:00,20.3713,607.795,354.25,63.855,2.2478,0,0
2021-02-07 10:00,19.8987,312.71,340.95,65.435,2.1919,0,0
2021-02-07 11:00,18.3123,117.955,323,67.345,2.1359,0,0
2021-02-07 12:00,17.0665,120.905,314.3,68.685,1.3196,0,0
2021-02-07 13:00,15.0968,6.73,309.35,79.1,0.7381,0,0
2021-02-07 14:00,12.9989,0,299.55,87.83,1.0959,0,0
2021-02-07 15:00,11.455,0,292.15,89.795,0.7269,0,0
2021-02-07 16:00,10.5329,0,290.25,90.43,2.3037,0,0
2021-02-07 17:00,9.8083,0,317.4,90.905,1.4985,0,0
2021-02-07 18:00,9.7173,0,356.85,91.465,1.3755,0,0
2021-02-07 19:00,9.8067,0,357.4,90.94,1.4202,0,0
2021-02-07 20:00,9.8827,0,358.4,90.505,1.3867,0,0
2021-02-07 21:00,9.748,0,334.65,91.33,1.1742,0,0
2021-02-07 22:00,10.2825,0.085,357.4,86.295,3.1648,0,0
2021-02-07 23:00,10.361,0,356.4,83.57,3.12,0,0
2021-02-08 00:00,10.0568,0,355.5,85.665,2.2366,0,0
2021-02-08 01:00,9.8852,0,368.4,86.64,1.8005,0,0
2021-02-08 02:00,9.9676,2.19,369.25,87.11,1.9682,0,0
2021-02-08 03:00,10.6569,74.07,343.95,86.55,2.0688,0,0
2021-02-08 04:00,12.4543,216.21,339.95,81.86,3.0418,0,0
2021-02-08 05:00,15.1085,447.115,333.25,74.63,3.6568,0,0
2021-02-08 06:00,17.6839,585.545,348.85,68.31,5.2001,0,0
2021-02-08 07:00,19.2086,405.45,387.1,67.925,6.0052,0,0
2021-02-08 08:00,20.1656,561.09,366,67.01,6.3519,0,0
2021-02-08 09:00,20.7268,271.215,411.05,68.285,5.3231,0,0
2021-02-08 10:00,20.694,191.605,404.15,70.695,5.8039,0,0
2021-02-08 11:00,20.4218,147.18,400.65,72.585,5.1218,0,0
2021-02-08 12:00,20.3748,49.93,414.9,74.435,3.914,0,0
2021-02-08 13:00,19.9116,9.98,402.8,76.955,3.2766,0,0
2021-02-08 14:00,19.4212,0,409.85,79.79,2.3372,0,0
2021-02-08 15:00,19.1949,0,409.2,81.385,2.3372,0,0
2021-02-08 16:00,18.7155,0,395.9,83.31,2.0353,0,0
2021-02-08 17:00,18.3245,0,401.55,85.34,1.2301,0,0
2021-02-08 18:00,17.9313,0,386.85,87.16,1.6998,0,0
2021-02-08 19:00,17.5839,0,400.65,89.065,1.5321,0,0
2021-02-08 20:00,17.4872,0,405.35,89.975,1.4202,0,0
2021-02-08 21:00,17.4003,0,410.45,91.37,1.5656,0,0
2021-02-08 22:00,17.5993,0.195,415.75,92.545,1.1742,0,0
2021-02-08 23:00,17.4218,0,413.8,94.755,1.1518,0,0
2021-02-09 00:00,17.2208,0,412.55,97.395,0.5144,0,0
2021-02-09 01:00,17.0782,0,410.7,98.785,0.5927,0,0
2021-02-09 02:00,17.0533,1.98,410.7,99.415,0.4809,0,0
2021-02-09 03:00,17.2974,56.35,413.05,99.61,0.6822,0,0
2021-02-09 04:00,18.2998,152.62,418.25,98.735,1.6327,0,0
2021-02-09 05:00,19.2271,91.9,421,94.805,2.7063,0,0
2021-02-09 06:00,20.364,209.295,424.4,91.685,3.8134,0,0
2021-02-09 07:00,20.2607,117.425,423.55,88.26,1.6663,0,0
2021-02-09 08:00,20.0195,218.085,421.4,88.195,1.7445,0,0
2021-02-09 09:00,20.6444,216.9,423.5,85.915,3.545,0,0
2021-02-09 10:00,20.4852,283.42,403.8,85.08,4.8198,0,0
2021-02-09 11:00,21.7584,175.485,391.05,82.18,3.3325,0,0
2021-02-09 12:00,22.0111,60.48,411,83.645,1.4202,0,0
2021-02-09 13:00,20.5909,5.945,407.55,85.845,1.9682,0,0
2021-02-09 14:00,19.3498,0,393.7,87.785,2.0129,0,0
2021-02-09 15:00,18.8481,0,399.95,87.655,1.6774,0,0
2021-02-09 16:00,18.3284,0,366.9,89.2,1.5992,0,0
2021-02-09 17:00,17.6172,0,361.5,90.99,0.7604,0,0
2021-02-09 18:00,16.924,0,357.15,93.37,0.7604,0,0
2021-02-09 19:00,16.1562,0,376.65,97.11,0.6151,0,0
2021-02-09 20:00,16.0203,0,371.9,97.59,0.794,0,0
2021-02-09 21:00,15.3672,0,359.3,98.59,0.5591,0,0
2021-02-09 22:00,14.8801,0,365.15,99.155,0.8164,0,0
2021-02-09 23:00,14.6207,0,371,99.425,0.7828,0,0
2021-02-10 00:00,14.297,0,381.75,99.52,0.4361,0,0
2021-02-10 01:00,14.855,0.365,397.75,99.765,0.5591,0,0
2021-02-10 02:00,15.3593,2.79,400.95,100,0.6374,0,0
2021-02-10 03:00,16.2121,73.43,406.8,99.96,0.7157,0,0
2021-02-10 04:00,17.4815,90.45,415.25,99.94,0.9953,0,0
2021-02-10 05:00,17.887,138.625,417.65,99.71,1.5321,0,0
2021-02-10 06:00,18.8555,266.285,421.45,95.775,2.0129,0,0
2021-02-10 07:00,20.8079,661.23,393.65,81.395,1.6774,0,0
2021-02-10 08:00,23.575,749.975,378.05,71.165,2.0577,0,0
2021-02-10 09:00,25.2594,677.08,386.2,62.63,2.5497,0,0
2021-02-10 10:00,26.5188,340.05,390.55,56.735,3.7351,0,0
2021-02-10 11:00,26.8742,158.37,397.85,56.61,2.0465,0,0
2021-02-10 12:00,26.3798,127.915,388.6,58.78,1.0065,0,0
2021-02-10 13:00,23.8184,9.975,379.7,71.46,0.7716,0,0
2021-02-10 14:00,20.8322,0,380.1,86.345,0.425,0,0
2021-02-10 15:00,19.9987,0,399.4,89.825,0.5815,0,0
2021-02-10 16:00,19.6074,0,388.6,91.445,0.6598,0,0
2021-02-10 17:00,18.6915,0,365.25,95.5,1.0512,0,0
2021-02-10 18:00,18.4831,0,389.45,98.17,0.9394,0,0
2021-02-10 19:00,18.8626,0,420.15,99.51,1.8116,0,0
2021-02-10 20:00,18.637,0,419.45,99.82,2.2366,0,0
2021-02-10 21:00,18.2495,0,417.25,99.92,2.505,0,0
2021-02-10 22:00,17.8079,0,414.9,100.04,2.1807,0,0
2021-02-10 23:00,17.5524,0,413.4,100,2.0688,0,0
2021-02-11 00:00,17.5088,0,413.15,97.4395,2.1024,0,0
2021-02-11 01:00,17.52,0,413.35,95.695,1.9123000000000001,0,0
2021-02-11 02:00,17.3542,1.895,412.35,97.2245,2.6168,0,0
2021-02-11 03:00,17.2879,36.13,412.2,100,2.5162,0,0
2021-02-11 04:00,17.6224,104.995,415.45,100.17,2.6392,0,0
2021-02-11 05:00,18.6223,286.76,418.8,99.9,2.6727,0,0
2021-02-11 06:00,20.3908,574.585,387.4,90.58,4.0818,0,0
2021-02-11 07:00,23.2522,753.03,378.95,74.95,3.4108,0,0
2021-02-11 08:00,25.3099,566.415,397,65.67,3.299,0,0
2021-02-11 09:00,25.9589,415.835,409.55,59.76,3.6792,0,0
2021-02-11 10:00,26.9867,357.3,388.65,52.215,4.5403,0,0
2021-02-11 11:00,27.0921,116.79,384.3,50.07,4.1377,0,0
2021-02-11 12:00,26.7096,131.955,385,52.545,1.5656,0,0
2021-02-11 13:00,23.762,6.955,379.4,66.345,0.7045,0,0
2021-02-11 14:00,21.4734,0,412.3,79.94,0.5815,0,0
2021-02-11 15:00,21.3772,0,408.9,79.805,0.6598,0,0
2021-02-11 16:00,20.828,0,415.7,83.92,0.4697,0,0
2021-02-11 17:00,20.5392,0,403.15,85.63,0.794,0,0
2021-02-11 18:00,19.497,0,376.9,90.305,0.5256,0,0
2021-02-11 19:00,18.0815,0,362.45,95.965,0.6039,0,0
2021-02-11 20:00,17.5005,0,380.75,98.21,0.5368,0,0
2021-02-11 21:00,17.4578,0,394.65,98.655,0.5815,0,0
2021-02-11 22:00,17.825,0,406.5,98.51,1.0512,0,0
2021-02-11 23:00,18.5419,0,399.95,98.07,0.9058,0,0
2021-02-12 00:00,18.5044,0,403.05,97.99,0.6262,0,0
2021-02-12 01:00,18.5254,0.2,419.05,98.465,1.0288,0,0
2021-02-12 02:00,18.7855,3.505,414.85,97.69,1.2972,0,0
2021-02-12 03:00,19.1887,70.165,421.55,96.69,2.5721,0,0
2021-02-12 04:00,20.3574,181.47,410,94.055,5.2112,0,0
2021-02-12 05:00,22.1934,315.715,419.85,86.745,5.1441,0,0
2021-02-12 06:00,22.6506,346.46,423.55,83.88,5.133,0,0
2021-02-12 07:00,23.8921,486.205,407.85,75.635,5.4014,0,0
2021-02-12 08:00,25.9687,641.725,415.85,63.79,3.3884,0,0
2021-02-12 09:00,26.7054,588.51,418.2,59.15,5.0659,0,0
2021-02-12 10:00,25.9169,135.11,433.35,63.73,2.7845,0,0
2021-02-12 11:00,24.5043,150.765,431.2,74.79,1.2413,0,0
2021-02-12 12:00,24.6561,70.135,428.75,74.25,1.465,0,0
2021-02-12 13:00,21.9969,2.435,430.3,86.24,2.2142,0,0
2021-02-12 14:00,20.7692,0,415.5,93.925,2.5944,0,0
2021-02-12 15:00,20.4604,0,412.85,94.8,3.7575,0,0
2021-02-12 16:00,19.6002,0,406.45,94.675,3.5897,0,0
2021-02-12 17:00,18.0338,0,411.55,95.98,4.4173,0,0
2021-02-12 18:00,16.741,0,407.55,97.64,4.4396,0.012,0
2021-02-12 19:00,16.2544,0,404.7,99.145,3.0306,0,0
2021-02-12 20:00,16.0809,0,404.8,99.2,2.9411,0.132,0
2021-02-12 21:00,15.8418,0,403.6,98.39,2.6951,0.012,0
2021-02-12 22:00,15.7417,0,402.9,98.01,3.4779,0,0
2021-02-12 23:00,15.7113,0,403.05,98.755,2.5497,0,0
2021-02-13 00:00,15.762,0,403.45,99,1.7445,0,0
2021-02-13 01:00,15.7628,0,403.6,99.29,2.3708,0,0
2021-02-13 02:00,15.7805,1.14,403.75,99.47,2.8964,0,0
2021-02-13 03:00,15.9582,9.015,404.75,99.74,3.0641,0.024,0
2021-02-13 04:00,16.56,11.715,407.55,99.64,3.9811,0.096,0
2021-02-13 05:00,17.6417,70.235,412.15,99.305,2.8405,0.036,0
2021-02-13 06:00,18.6812,223.55,418.3,98.365,2.0129,0.012,0
2021-02-13 07:00,20.8224,288.78,428.35,90.82,3.8134,0,0
2021-02-13 08:00,22.9213,561.005,437.15,80.055,4.16,0,0
2021-02-13 09:00,23.7155,219.535,435.05,75.755,2.9411,0,0
2021-02-13 10:00,24.0157,203.335,419.4,71.875,2.6168,0,0
2021-02-13 11:00,23.5739,105.305,413.1,69.81,1.0288,0,0
2021-02-13 12:00,22.2406,46.39,413.45,77.335,0.9058,0,0
2021-02-13 13:00,20.7725,5.765,406.85,83.295,0.9058,0,0
2021-02-13 14:00,19.8722,0,399.35,87.34,0.7493,0,0
2021-02-13 15:00,19.2993,0,398.6,89.635,0.5703,0,0
2021-02-13 16:00,18.6633,0,399.1,94.215,0.6374,0,0
2021-02-13 17:00,18.5116,0,398.1,95.07,0.8499,0,0
2021-02-13 18:00,18.3596,0,406.8,96.63,0.8499,0,0
2021-02-13 19:00,18.2491,0,415.5,98.27,1.3755,0.048,0
2021-02-13 20:00,17.6039,0,413.75,97.86,4.3725,0.012,0
2021-02-13 21:00,15.4117,0,401.5,97.8,4.5067,0,0
2021-02-13 22:00,14.8181,0,398.1,98.65,5.0323,0,0
2021-02-13 23:00,14.7834,0,398.15,98.96,2.6056,0,0
2021-02-14 00:00,14.3206,0,395.75,99.26,4.4508,0,0
2021-02-14 01:00,14.0344,0,394,98.925,4.2383,0,0
2021-02-14 02:00,13.9617,1.595,393.25,98.07,4.3613,0,0
2021-02-14 03:00,14.0477,21.4,394.35,98.795,2.2366,0,0
2021-02-14 04:00,14.6814,78.49,399,98.46,2.4602,0,0
2021-02-14 05:00,15.5582,215.45,406.55,97.035,3.7127,0,0
2021-02-14 06:00,17.299,349.465,419.65,93.01,3.791,0,0
2021-02-14 07:00,19.5248,418.33,430.7,89.26,3.7351,0,0
2021-02-14 08:00,21.4166,200.225,436.65,89.335,2.997,0.132,0
2021-02-14 09:00,20.8054,133.67,432.9,96.985,2.259,0.12,0
2021-02-14 10:00,18.5858,12.935,420,98.325,1.588,0.3,0
2021-02-14 11:00,18.6207,70.56,419.35,98.82,1.8005,0.048,0
2021-02-14 12:00,19.061,68.615,421.55,98.425,1.0624,0.012,0
2021-02-14 13:00,18.8148,11.41,419.05,98.61,0.671,0,0
2021-02-14 14:00,18.382,0,416.9,98.845,1.4426,0,0
2021-02-14 15:00,17.9981,0,416.05,98.69,2.8516,0,0
2021-02-14 16:00,17.4229,0,412.7,98.875,2.7845,0,0
2021-02-14 17:00,16.8284,0,409.2,98.925,2.0353,0,0
2021-02-14 18:00,15.7166,0,403.4,99.03,2.9523,0,0
2021-02-14 19:00,15.2112,0,400.3,99.425,3.4332,0,0
2021-02-14 20:00,14.4348,0,396.4,99.845,4.4508,0,0
2021-02-14 21:00,13.7385,0,392.4,99.895,3.8134,0,0
2021-02-14 22:00,13.3843,0,390,99.6,4.2495,0,0
2021-02-14 23:00,13.3505,0,389.75,99.4,4.3166,0,0
2021-02-15 00:00,13.1919,0,388.95,98.99,3.5785,0,0
2021-02-15 01:00,13.128,0,388.8,99.345,2.7957,0,0
2021-02-15 02:00,13.378,2.085,390.15,99.635,3.176,0,0
2021-02-15 03:00,13.8632,38.52,393.3,99.6,3.1536,0,0
2021-02-15 04:00,14.6912,76.755,398.6,99.405,2.6615,0,0
2021-02-15 05:00,15.8755,166.515,406.35,99.07,2.326,0.012,0
2021-02-15 06:00,17.7454,227.71,418.55,97.335,2.8069,0,0
2021-02-15 07:00,19.4767,271.065,429.6,93.75,2.8405,0,0
2021-02-15 08:00,21.5286,315.09,439.95,90.135,2.6056,0,0
2021-02-15 09:00,24.2231,584.99,450.55,80.04,3.9476,0,0
2021-02-15 10:00,24.8846,289.63,444.4,78.65,4.954,0,0
2021-02-15 11:00,23.9217,166.45,424.5,81.685,4.3278,0.084,0
2021-02-15 12:00,22.0399,48.495,431.75,92.135,3.4891,0.036,0
2021-02-15 13:00,21.7993,9.525,431.55,96.31,1.1295,0,0
2021-02-15 14:00,21.3957,0,427.65,98.35,0.794,0,0
2021-02-15 15:00,21.9567,0,430.05,95.905,1.9235,0,0
2021-02-15 16:00,21.6309,0,429.65,88.36,5.5244,0.24,0
2021-02-15 17:00,18.4828,0,416,96.34,3.5114,0.192,0
2021-02-15 18:00,18.7302,0,418.5,97.95,2.4379,0,0
2021-02-15 19:00,19.1471,0,421,97.825,3.12,0,0
2021-02-15 20:00,19.1459,0,421.05,96.84,2.6504,0,0
2021-02-15 21:00,18.1873,0,415.65,94.565,2.5497,0,0
2021-02-15 22:00,16.5028,0,406.05,94.46,2.203,0.024,0
2021-02-15 23:00,15.4419,0,399.15,94.59,1.5209,0,0
2021-02-16 00:00,15.3289,0,398.85,94.08,1.8787,0,0
2021-02-16 01:00,15.1692,0.025,398.5,92.72,1.7781,0,0
2021-02-16 02:00,14.8503,3.79,396.35,90.15,1.9458,0,0
2021-02-16 03:00,14.4571,63.455,392.6,84.71,2.9635,0,0
2021-02-16 04:00,15.2717,365.575,401.85,77.29,3.243,0,0
2021-02-16 05:00,16.222,527.61,398.4,71.78,3.1424,0,0
2021-02-16 06:00,17.3212,658.975,384.45,64.455,3.1871,0,0
2021-02-16 07:00,18.7659,773.885,347.6,58.51,2.7286,0,0
2021-02-16 08:00,18.9802,809.195,332.45,53.555,3.5003,0,0
2021-02-16 09:00,19.576,751.1,333.6,50.665,3.2766,0,0
2021-02-16 10:00,19.8419,382.35,332.95,47.48,2.997,0,0
2021-02-16 11:00,19.9954,159.755,330.65,46.275,2.4491,0,0
2021-02-16 12:00,19.4376,123.885,327.25,40.74,1.6663,0,0
2021-02-16 13:00,17.0406,10.745,324,52.305,0.8835,0,0
2021-02-16 14:00,15.1553,0,322.25,67.71,0.7828,0,0
2021-02-16 15:00,13.5,0,315.85,78.725,1.0065,0,0
2021-02-16 16:00,11.9445,0,310.7,87.84,0.917,0,0
2021-02-16 17:00,11.0947,0,308.7,92.32,0.9505,0,0
2021-02-16 18:00,10.5207,0,307,93.2,1.2301,0,0
2021-02-16 19:00,9.8939,0,314.4,96.885,0.9841,0,0
2021-02-16 20:00,10.1347,0,309.45,84.37,1.1183,0,0
2021-02-16 21:00,9.6487,0,309.1,82.24,1.2189,0,0
2021-02-16 22:00,9.4078,0,323.9,81.265,1.409,0,0
2021-02-16 23:00,9.0516,0,316.9,83.015,1.2637,0,0
2021-02-17 00:00,8.6927,0,321.1,84.36,1.8228,0,0
2021-02-17 01:00,8.4502,0,328.85,85.715,0.7716,0,0
2021-02-17 02:00,8.7863,3.87,359.35,83.94,1.465,0,0
2021-02-17 03:00,8.9776,69.325,358.6,81.18,1.4761,0,0
2021-02-17 04:00,8.8984,103.19,372.95,78.595,1.957,0,0
2021-02-17 05:00,9.4585,140.725,374.65,76.81,2.9523,0,0
2021-02-17 06:00,10.7364,314.27,375.9,74.675,4.1712,0,0
2021-02-17 07:00,12.629,366.51,381.7,72.4,4.339,0,0
2021-02-17 08:00,14.4336,371.41,387.35,69.405,3.9028,0,0
2021-02-17 09:00,15.0546,221.775,391.3,72.925,4.1489,0,0
2021-02-17 10:00,14.7104,155.065,396.6,82.355,3.3325,0.012,0
2021-02-17 11:00,14.7305,108.77,396.6,84.74,4.6521,0,0
2021-02-17 12:00,14.4514,46.21,394.65,87.64,3.1536,0,0
2021-02-17 13:00,13.4776,8.44,389.15,90.905,3.0418,0,0
2021-02-17 14:00,13.3919,0,385.1,91.385,4.4396,0,0
2021-02-17 15:00,13.7724,0,375.45,91.835,4.1377,0,0
2021-02-17 16:00,14.0271,0,376.7,92.23,3.7127,0,0
2021-02-17 17:00,14.1123,0,356.15,94.06,2.259,0,0
2021-02-17 18:00,14.3978,0,389.85,95.765,1.9123000000000001,0,0
2021-02-17 19:00,14.5745,0,395.05,98.825,2.751,0,0
2021-02-17 20:00,15.2468,0.055,400.3,99.79,3.7463,0,0
2021-02-17 21:00,16.3719,0.115,407.05,100,2.7063,0,0
2021-02-17 22:00,16.8305,0.225,411.35,100.03,0.6598,0,0
2021-02-17 23:00,17.4298,0.55,415.1,100.065,0.9394,0,0
2021-02-18 00:00,19.1847,0.385,422.35,100.065,4.16,0,0
2021-02-18 01:00,19.7818,0.08,425.65,99.605,3.668,0,0
2021-02-18 02:00,20.2979,6.655,414.4,97.575,3.6904,0,0
2021-02-18 03:00,20.9854,101.72,391.3,92.26,5.256,0,0
2021-02-18 04:00,22.0301,219.85,410,86.715,6.0611,0,0
2021-02-18 05:00,23.7941,510.1,394.2,78.875,7.2577,0,0
2021-02-18 06:00,25.842,690.09,396.05,67.94,8.1188,0,0
2021-02-18 07:00,27.4106,768.845,410.6,62.315,8.3872,0,0
2021-02-18 08:00,28.4119,702.345,424.65,58.565,7.7274,0,0
2021-02-18 09:00,29.2016,695.95,423,54.495,7.8392,0,0
2021-02-18 10:00,29.678,400.55,417.9,52.03,6.7098,0,0
2021-02-18 11:00,29.3471,178.27,425.95,51.52,4.3613,0,0
2021-02-18 12:00,28.8719,90.055,427.7,51.215,4.5403,0,0
2021-02-18 13:00,27.2794,26.64,415.8,57.9,2.0465,0,0
2021-02-18 14:00,24.3501,0,390.15,70.61,0.7828,0,0
2021-02-18 15:00,21.5929,0,384.3,85.02,0.6598,0,0
2021-02-18 16:00,20.5016,0,379.8,91.75,0.548,0,0
2021-02-18 17:00,22.8338,0,379.95,78.65,2.326,0,0
2021-02-18 18:00,24.121,0,387.55,74.12,5.2336,0,0
2021-02-18 19:00,23.8151,0,391.25,76.515,5.077,0,0
2021-02-18 20:00,23.4369,0,389.8,77.575,6.2065,0,0
2021-02-18 21:00,23.0106,0,382.05,79.94,6.1282,0,0
2021-02-18 22:00,22.7031,0,387.45,81.98,4.954,0,0
2021-02-18 23:00,22.6393,0,385.65,82.76,4.7639,0,0
2021-02-19 00:00,22.7328,0,426.05,81.705,4.0818,0,0
2021-02-19 01:00,22.5463,0,403.25,82.95,5.6921,0,0
2021-02-19 02:00,20.7235,0.655,429.3,93.66,1.957,0,0
2021-02-19 03:00,20.2051,19.165,427.5,98.22,0.7381,0,0
2021-02-19 04:00,20.2902,44.15,428.55,97.64,1.0847,0,0
2021-02-19 05:00,18.6091,52.775,421.8,95.67,1.4873,0,0
2021-02-19 06:00,15.9549,57.115,407.25,96.31,1.6215,0,0
2021-02-19 07:00,14.1552,78.185,397.35,95.37,1.5768,0,0
2021-02-19 08:00,13.6048,153.705,396,95.745,1.6998,0,0
2021-02-19 09:00,12.6372,71.425,390.2,95.53,1.7557,0,0
2021-02-19 10:00,11.6416,47.195,382.9,95.465,1.7669,0,0
2021-02-19 11:00,11.171,46.92,379.85,96.625,1.5992,0,0
2021-02-19 12:00,10.6627,15.26,375.9,96.565,1.7222,0,0
2021-02-19 13:00,10.5238,6.225,374.65,95.625,1.588,0,0
2021-02-19 14:00,10.6062,0,374.45,94.44,1.5097,0,0
2021-02-19 15:00,10.5377,0,373.6,92.84,1.3531,0,0
2021-02-19 16:00,10.1641,0,370,90.41,1.3308,0,0
2021-02-19 17:00,9.9064,0,368.3,88.735,1.4202,0,0
2021-02-19 18:00,9.9536,0.06,369.85,85.265,1.465,0,0
2021-02-19 19:00,9.6081,0,367.75,86.405,1.2078,0,0
2021-02-19 20:00,8.2642,0,358.05,91.16,0.8835,0,0
2021-02-19 21:00,7.0032,0,351.5,97.185,1.1183,0,0
2021-02-19 22:00,6.4491,0,348.6,98.09,0.8275,0,0
2021-02-19 23:00,6.5711,0,348.1,97.835,0.9729,0,0
2021-02-20 00:00,5.8299,0,345.5,97.76,0.7269,0,0
2021-02-20 01:00,5.7895,0,344.1,99.105,0.6374,0,0
2021-02-20 02:00,5.4838,9,343.55,98.98,0.7045,0,0
2021-02-20 03:00,7.1685,160.155,358.5,89.29,2.0353,0,0
2021-02-20 04:00,9.0609,393.085,371.75,72.7,3.176,0,0
2021-02-20 05:00,11.5582,596.78,373.75,64.705,4.3278,0,0
2021-02-20 06:00,12.9827,760.505,364.65,61.865,4.8869,0,0
2021-02-20 07:00,14.5077,847.12,310.3,54.61,3.8246000000000002,0,0
2021-02-20 08:00,15.9177,864.51,300.1,46.33,3.9364,0,0
2021-02-20 09:00,16.344,803.98,301.7,41.66,4.4061,0,0
2021-02-20 10:00,16.9724,355.89,302.85,39.525,3.12,0,0
2021-02-20 11:00,17.0802,155.735,302.15,38.2,2.9187,0,0
2021-02-20 12:00,16.3321,139.025,301.55,41.02,2.2142,0,0
2021-02-20 13:00,14.2264,11.6,297.3,50.715,1.1407,0,0
2021-02-20 14:00,12.6879,0,294.2,65.935,2.5609,0,0
2021-02-20 15:00,11.2465,0,288.25,73.31,3.0753,0,0
2021-02-20 16:00,9.5979,0,282.45,80.925,0.9953,0,0
2021-02-20 17:00,8.7428,0,277.5,84.415,0.9617,0,0
2021-02-20 18:00,8.1614,0,274.4,87.975,1.0512,0,0
2021-02-20 19:00,7.6599,0,271.35,90.9,1.1071,0,0
2021-02-20 20:00,7.4223,0,267.15,90.06,1.2749,0,0
2021-02-20 21:00,7.6681,0,265,84.275,1.4761,0,0
2021-02-20 22:00,6.8188,0,264.4,86.07,0.9394,0,0
2021-02-20 23:00,5.5351,0,266.05,92.075,1.04,0,0
2021-02-21 00:00,5.9514,0,269.75,88.945,0.8164,0,0
2021-02-21 01:00,6.483,0,277.65,84.265,1.3867,0,0
2021-02-21 02:00,7.073,9.71,282.75,82.85,1.8452,0,0
2021-02-21 03:00,9.4625,163.06,290.8,78.095,3.5003,0,0
2021-02-21 04:00,12.3233,379.64,301.2,73.08,4.9205,0,0
2021-02-21 05:00,15.7866,583.065,314.2,64.835,7.4031,0,0
2021-02-21 06:00,18.1527,647.07,345,54.885,9.6397,0,0
2021-02-21 07:00,19,755.9,357.5,50.51,9.4496,0,0
2021-02-21 08:00,19.1352,568.935,362.15,49.06,8.1188,0,0
2021-02-21 09:00,19.5137,377.19,375,48.095,7.6827,0,0
2021-02-21 10:00,19.5714,267.29,366,49.07,7.5149,0,0
2021-02-21 11:00,19.4307,203.02,357.15,50.935,7.8616,0,0
2021-02-21 12:00,19.409,133.89,330.65,51.205,7.9511,0,0
2021-02-21 13:00,18.5388,14.915,329.05,56.93,6.296,0,0
2021-02-21 14:00,17.3499,0,327.45,64.44,4.6074,0,0
2021-02-21 15:00,15.8369,0,327.15,70.64,1.7445,0,0
2021-02-21 16:00,14.5987,0,342.1,81.315,0.5368,0,0
2021-02-21 17:00,15.1015,0,356.95,80.165,1.3308,0,0
2021-02-21 18:00,15.0909,0,333.15,80.365,1.3308,0,0
2021-02-21 19:00,13.3122,0,323.2,89.245,0.7269,0,0
2021-02-21 20:00,11.3339,0,316,95.065,0.8387,0,0
2021-02-21 21:00,10.6279,0,326.05,97.735,0.794,0,0
2021-02-21 22:00,10.5276,0,338.95,98.69,0.5927,0,0
2021-02-21 23:00,10.3246,0,346.95,99.065,0.7604,0,0
2021-02-22 00:00,9.9235,0,350.25,99.225,1.0288,0,0
2021-02-22 01:00,9.6964,0,350.85,99.29,0.9953,0,0
2021-02-22 02:00,9.5742,11.84,357.1,99.43,0.8052,0,0
2021-02-22 03:00,11.695,114.38,366.1,98.985,0.9617,0,0
2021-02-22 04:00,15.8711,338.755,354.7,82.935,1.9794,0,0
2021-02-22 05:00,19.6478,569.37,351.05,72,6.1059,0,0
2021-02-22 06:00,21.6858,710.585,361.2,63.44,7.1012,0,0
2021-02-22 07:00,23.3306,837.19,370.95,55.855,6.8663,0,0
2021-02-22 08:00,24.2763,719.48,389,52.675,6.7545,0,0
2021-02-22 09:00,24.6041,318.26,418.45,53.235,5.0211,0,0
2021-02-22 10:00,24.2596,171.71,427.8,56.795,3.7127,0,0
2021-02-22 11:00,20.8436,61.79,427.45,80.145,1.3643,0,0
2021-02-22 12:00,21.8513,121.245,431.25,71.78,1.6663,0,0
2021-02-22 13:00,21.0745,15.25,425.3,74.695,3.243,0,0
2021-02-22 14:00,19.8112,0,419,79.83,1.1518,0,0
2021-02-22 15:00,18.2472,0,416,93.34,0.9505,0.012,0
2021-02-22 16:00,18.0012,0,415.35,97.195,1.0736,0,0
2021-02-22 17:00,18.2417,0,416.5,97.36,1.1966,0,0
2021-02-22 18:00,18.4115,0,417.6,96.545,1.3643,0,0
2021-02-22 19:00,18.2487,0,416.05,96.445,0.9617,0,0
2021-02-22 20:00,17.2468,0,406.9,97.34,0.6933,0,0
2021-02-22 21:00,15.9868,0,401,98.915,0.794,0,0
2021-02-22 22:00,16.7357,0,407.4,98.93,0.7828,0,0
2021-02-22 23:00,16.7134,0,406.7,97.235,0.6933,0,0
2021-02-23 00:00,16.4204,0,404.55,96.155,1.0959,0,0
2021-02-23 01:00,16.2888,0,404.6,95.93,1.0065,0,0
2021-02-23 02:00,15.8981,11.105,400.85,96.31,0.5815,0,0
2021-02-23 03:00,16.2288,140.63,406,84.905,1.1742,0,0
2021-02-23 04:00,17.3133,382.52,411.6,61.205,2.1471,0,0
2021-02-23 05:00,19.1102,589.06,367.25,46.015,2.326,0,0
2021-02-23 06:00,19.8752,749.805,325.05,40.44,2.5721,0,0
2021-02-23 07:00,20.9083,850.25,325.75,37.225,2.7175,0,0
2021-02-23 08:00,21.7784,870.575,328.85,36.385,3.0082,0,0
2021-02-23 09:00,21.9824,818.605,327.85,33.615,3.1089,0,0
2021-02-23 10:00,21.7437,389.04,321.3,29.395,2.3596,0,0
2021-02-23 11:00,21.9634,125.565,318.35,27.295,2.0241,0,0
2021-02-23 12:00,21.4448,93.36,317.7,27.215,1.1966,0,0
2021-02-23 13:00,18.6999,10.735,311.45,36.91,0.8723,0,0
2021-02-23 14:00,14.7325,0,301.8,51.51,0.9058,0,0
2021-02-23 15:00,12.1045,0,295.7,69.35,0.8387,0,0
2021-02-23 16:00,10.4748,0,292.65,85.43,0.9729,0,0
2021-02-23 17:00,9.697,0,289.85,82.41,1.04,0,0
2021-02-23 18:00,8.7991,0,289.3,86.85,0.917,0,0
2021-02-23 19:00,8.2292,0,293.25,92.99,0.9841,0,0
2021-02-23 20:00,7.9359,0,310,96.81,1.0176,0,0
2021-02-23 21:00,7.5544,0,322.8,98.095,1.1966,0,0
2021-02-23 22:00,7.1901,0,328.6,98.565,1.2301,0,0
2021-02-23 23:00,6.8775,0,330.7,98.88,1.1518,0,0
2021-02-24 00:00,6.6733,0,332.55,99.11,1.0847,0,0
2021-02-24 01:00,6.4737,0,335,99.185,1.0736,0,0
2021-02-24 02:00,6.6969,14.875,337.25,99.285,1.0847,0,0
2021-02-24 03:00,9.917,165.72,354.35,95.605,1.0736,0,0
2021-02-24 04:00,14.464,362.395,344.5,82.035,1.5432,0,0
2021-02-24 05:00,18.6264,558.22,347,57.36,2.7175,0,0
2021-02-24 06:00,20.3433,677.895,368.2,51.405,4.3502,0,0
2021-02-24 07:00,21.6812,844.195,346.15,54.43,5.0211,0,0
2021-02-24 08:00,23.0376,830.92,354.05,47.75,5.077,0,0
2021-02-24 09:00,24.4307,791.57,356.35,40.835,5.5803,0,0
2021-02-24 10:00,25.0341,372.08,348.05,31.99,5.4796,0,0
2021-02-24 11:00,25.0383,120.49,343.5,29.09,4.6521,0,0
2021-02-24 12:00,24.4787,95.12,343,30.55,3.6792,0,0
2021-02-24 13:00,22.6492,12.13,339.2,37.175,1.6774,0,0
2021-02-24 14:00,18.9484,0,328.1,49.72,0.917,0,0
2021-02-24 15:00,15.7779,0,318.1,67.4,0.5703,0,0
2021-02-24 16:00,13.7483,0,311.1,81.52,0.7381,0,0
2021-02-24 17:00,12.1375,0,297.85,83.66,0.9282,0,0
2021-02-24 18:00,10.4172,0,284.8,85.05,0.9617,0,0
2021-02-24 19:00,9.2024,0,292.55,93.645,0.794,0,0
2021-02-24 20:00,8.1605,0,313.55,95.825,1.0847,0,0
2021-02-24 21:00,7.056,0,309.6,95.29,1.2525,0,0
2021-02-24 22:00,6.5142,0,319.95,98.095,1.0736,0,0
2021-02-24 23:00,6.2859,0,325.65,98.605,0.9505,0,0
2021-02-25 00:00,6.7443,0,331.7,99.04,1.0736,0,0
2021-02-25 01:00,6.9325,0,337.25,99.155,1.1742,0,0
2021-02-25 02:00,7.4312,15.15,341.05,99.365,1.0512,0,0
2021-02-25 03:00,10.379,160.34,354.6,93.97,1.0065,0,0
2021-02-25 04:00,15.2701,378.24,336.55,79.49,1.7781,0,0
2021-02-25 05:00,20.3062,579.01,341.05,63.6,2.1583,0,0
2021-02-25 06:00,22.49,731.145,350.85,56.73,2.2478,0,0
2021-02-25 07:00,24.2735,817.235,359.35,45.685,2.7063,0,0
2021-02-25 08:00,25.2233,835.95,364.55,39.66,2.6615,0,0
2021-02-25 09:00,26.0619,783.815,367,37.86,2.7957,0,0
2021-02-25 10:00,26.2109,358.665,368.5,39.635,2.6056,0,0
2021-02-25 11:00,25.9124,137.375,367.85,40.88,2.0241,0,0
2021-02-25 12:00,25.3031,94.415,367.05,42.72,1.2078,0,0
2021-02-25 13:00,22.771,15.05,359.9,54.205,0.6486,0,0
2021-02-25 14:00,19.3791,0,350.3,69.47,0.6374,0,0
2021-02-25 15:00,17.4579,0,349.1,79.38,0.4585,0,0
2021-02-25 16:00,17.1559,0,342.3,78.935,0.9841,0,0
2021-02-25 17:00,16.374,0,337.65,74.95,0.9058,0,0
2021-02-25 18:00,14.9348,0,337.2,85.555,0.6933,0,0
2021-02-25 19:00,13.9172,0,335.25,85.22,0.6822,0,0
2021-02-25 20:00,13.1794,0,333.9,91.265,0.7493,0,0
2021-02-25 21:00,12.9623,0,337.15,93.635,0.9617,0,0
2021-02-25 22:00,12.2732,0,334.1,94.33,0.9505,0,0
2021-02-25 23:00,11.8897,0,339.45,97.01,0.8164,0,0
2021-02-26 00:00,11.3419,0,343.8,97.695,0.6374,0,0
2021-02-26 01:00,11.063,0,350.05,98.44,0.7828,0,0
2021-02-26 02:00,11.1699,12.72,357,98.75,0.548,0,0
2021-02-26 03:00,13.218,151.485,363,96.285,0.9282,0,0
2021-02-26 04:00,17.9343,376.395,348.25,81.635,1.5432,0,0
2021-02-26 05:00,21.1387,548.705,368.65,69.74,2.6056,0,0
2021-02-26 06:00,22.7336,734.295,363.65,64.485,3.791,0,0
2021-02-26 07:00,24.5489,837.57,372.4,51.975,4.3278,0,0
2021-02-26 08:00,25.5443,872.21,377.75,45.285,5.4237,0,0
2021-02-26 09:00,25.8917,788.94,375.05,43.125,5.4125,0,0
2021-02-26 10:00,26.2129,366.035,377.15,43.34,4.8981,0,0
2021-02-26 11:00,26.6626,155.72,381.25,42.67,3.5562,0,0
2021-02-26 12:00,26.4346,117.76,380.05,44.11,3.2878,0,0
2021-02-26 13:00,24.8899,17.31,374.45,51.1,0.9841,0,0
2021-02-26 14:00,21.058,0,364.2,69.245,0.6486,0,0
2021-02-26 15:00,21.581,0,357.35,58.54,2.4155,0,0
2021-02-26 16:00,20.4456,0,351.7,56.8,2.7063,0,0
2021-02-26 17:00,18.6012,0,347.35,64.32,0.8499,0,0
2021-02-26 18:00,16.877,0,341.3,76.25,0.4585,0,0
2021-02-26 19:00,15.4719,0,339.5,84.985,0.8164,0,0
2021-02-26 20:00,14.4806,0,341,91.475,0.5368,0,0
2021-02-26 21:00,14.1766,0,346.7,94.04,0.548,0,0
2021-02-26 22:00,13.8528,0,351,94.11,0.7493,0,0
2021-02-26 23:00,13.8841,0,356.75,94.125,0.5591,0,0
2021-02-27 00:00,14.3988,0,360.25,95.13,0.4361,0,0
2021-02-27 01:00,14.8521,0,368.4,96.72,0.4138,0,0
2021-02-27 02:00,15.2601,17.335,372.5,98.13,0.548,0,0
2021-02-27 03:00,17.7864,151.81,376.45,89.495,1.163,0,0
2021-02-27 04:00,20.7331,383.72,369.1,83.785,4.0259,0,0
2021-02-27 05:00,23.7047,586.51,380.15,73.015,6.1059,0,0
2021-02-27 06:00,25.9471,676.695,389.6,60.88,4.708,0,0
2021-02-27 07:00,27.0749,749.425,411.9,55.605,4.1041,0,0
2021-02-27 08:00,27.3544,667.23,409.15,52.035,3.791,0,0
2021-02-27 09:00,27.8134,529.145,409.85,48.46,3.0641,0,0
2021-02-27 10:00,28.0736,193.185,405.6,46.455,3.8917,0,0
2021-02-27 11:00,28.8662,260.01,425.6,42.6,4.4173,0,0
2021-02-27 12:00,28.6482,137.255,403.4,42.095,3.422,0,0
2021-02-27 13:00,26.8954,18.165,388.5,49.245,1.9458,0,0
2021-02-27 14:00,23.7075,0,375.8,63.06,1.0959,0,0
2021-02-27 15:00,23.36,0,376.55,70.645,0.8387,0,0
2021-02-27 16:00,21.5552,0,375.3,80.535,1.3531,0,0
2021-02-27 17:00,19.9022,0,371.65,89.75,0.3579,0,0
2021-02-27 18:00,19.4226,0,377.4,94.355,0.492,0,0
2021-02-27 19:00,18.611,0,382.35,97.38,0.4809,0,0
2021-02-27 20:00,18.4194,0,388.45,98.61,0.4473,0,0
2021-02-27 21:00,19.5033,0,398.35,98.645,0.9729,0,0
2021-02-27 22:00,19.897,0,400.15,97.33,1.5544,0,0
2021-02-27 23:00,19.3236,0,398.1,98.45,0.6039,0,0
2021-02-27 19:00,23.1497,0,363.9442,1.9637,1.9337,4e-4,0
2021-02-27 20:00,23.1965,0,363.9442,2.03,2.1721,4e-4,0
2021-02-27 21:00,22.9409,0,363.9442,2.0912,2.3106,4e-4,0
2021-02-27 22:00,22.4349,0,363.9442,2.1474,2.3625,4e-4,0
2021-02-27 23:00,21.7306,0,363.9442,2.1985,2.3409,4e-4,0
2021-02-28 00:00,20.8801,0,363.9442,2.2439,2.259,4e-4,0
2021-02-28 01:00,19.9354,0,352,2.2829,2.13,0,0
2021-02-28 02:00,18.9622,0,352,2.3141,1.97,0,0
2021-02-28 03:00,18.0801,0,352,2.3334,1.8068,0,0
2021-02-28 04:00,17.4223,0,352,2.3359,1.6713,0,0
2021-02-28 05:00,17.122,0,352,2.317,1.5942,0,0
2021-02-28 06:00,17.3124,0,352,2.2726,1.6064,0,0
2021-02-28 07:00,18.1268,104.9985,366,2.1997,1.7386,0,0
2021-02-28 08:00,19.6307,308.4956,366,2.0998,2.0069,0,0
2021-02-28 09:00,21.6193,486.1394,366,1.9862,2.3688,0,0
2021-02-28 10:00,23.8199,625.8265,366,1.8734,2.7669,0,0
2021-02-28 11:00,25.9602,718.0403,366,1.7731,3.144,0,0
2021-02-28 12:00,27.7677,756.4996,366,1.6949,3.4428,0,0
2021-02-28 13:00,28.9697,742.8347,382,1.6469,3.6059,0,0
2021-02-28 14:00,29.3692,669.355,382,1.6341,3.5931,0,0
2021-02-28 15:00,29.0703,545.4249,382,1.6506,3.4316,0,0
2021-02-28 16:00,28.2528,379.4971,382,1.6886,3.1656,0,0
2021-02-28 17:00,27.096,182.8883,382,1.7409,2.8394,0,0
2021-02-28 18:00,25.7797,0,382,1.7999,2.497,0,0
2021-02-28 19:00,24.4834,0,369,1.8571,2.1827,0,0
2021-02-28 20:00,23.3527,0,369,1.9049,1.931,0,0
2021-02-28 21:00,22.3982,0,369,1.9439,1.737,0,0
2021-02-28 22:00,21.5963,0,369,1.9765,1.5862,0,0
2021-02-28 23:00,20.9236,0,369,2.0057,1.4641,0,0
2021-03-01 00:00,20.3566,0,369,2.0344,1.3562,0,0
2021-03-01 01:00,19.8719,0,405,2.0657,1.2479,0,0
2021-03-01 02:00,19.4614,0,405,2.1016,1.1327,0,0
2021-03-01 03:00,19.1791,0,405,2.1383,1.0362,0,0
2021-03-01 04:00,19.0946,0,405,2.1706,0.9917,0,0
2021-03-01 05:00,19.2774,0,405,2.1929,1.0329,0,0
2021-03-01 06:00,19.7969,0,405,2.1999,1.1932,0,0
2021-03-01 07:00,20.7227,106.7797,386.5948,2.1865,1.5063,8e-4,0
2021-03-01 08:00,22.0794,306.3477,386.5948,2.1511,1.9872,8e-4,0
2021-03-01 09:00,23.7131,480.5117,386.5948,2.1024,2.5786,8e-4,0
2021-03-01 10:00,25.4247,617.4055,386.5948,2.0511,3.2046,8e-4,0
2021-03-01 11:00,27.0156,707.7027,386.5948,2.0067,3.7895,8e-4,0
2021-03-01 12:00,28.2867,745.2527,386.5948,1.9781,4.2574,8e-4,0
2021-03-01 13:00,29.0393,761.2643,390,1.9734,4.5325,8e-4,0
2021-03-01 14:00,29.1304,686.0899,390,1.9979,4.5618,8e-4,0
2021-03-01 15:00,28.6405,559.4465,390,2.0437,4.3823,8e-4,0
2021-03-01 16:00,27.7059,389.9725,390,2.1003,4.0538,8e-4,0
2021-03-01 17:00,26.4632,189.2267,390,2.1564,3.636,8e-4,0
2021-03-01 18:00,25.0486,0,390,2.1997,3.1889,8e-4,0
2021-03-01 19:00,23.5986,0,364,2.2165,2.7721,0.0072,0
2021-03-01 20:00,22.2277,0,364,2.1961,2.4352,0.0072,0
2021-03-01 21:00,20.9628,0,364,2.1442,2.1876,0.0072,0
2021-03-01 22:00,19.809,0,364,2.0714,2.0282,0.0072,0
2021-03-01 23:00,18.7714,0,364,1.9895,1.9564,0.0072,0
2021-03-02 00:00,17.8549,0,364,1.9113,1.9711,0.0072,0
2021-03-02 01:00,17.0648,0,345,1.8504,2.0714,0,0
2021-03-02 02:00,16.4106,0,345,1.8174,2.2535,0,0
2021-03-02 03:00,15.92,0,345,1.8093,2.501,0,0
2021-03-02 04:00,15.6252,0,345,1.8193,2.7944,0,0
2021-03-02 05:00,15.5584,0,345,1.8398,3.1143,0,0
2021-03-02 06:00,15.7519,0,345,1.8632,3.4412,0,0
2021-03-02 07:00,16.2378,61.1332,388,1.8813,3.7559,0,0
2021-03-02 08:00,17.0222,171.4034,388,1.8885,4.0394,0,0
2021-03-02 09:00,18.006,267.6078,388,1.887,4.276,0,0
2021-03-02 10:00,19.0638,343.1919,388,1.8814,4.4502,0,0
2021-03-02 11:00,20.0703,393.0061,388,1.876,4.547,0,0
2021-03-02 12:00,20.9003,413.6576,388,1.8751,4.551,0,0
2021-03-02 13:00,21.4282,343.9728,404,1.8828,4.447,0,0
2021-03-02 14:00,21.5678,310.0595,404,1.902,4.2292,0,0
2021-03-02 15:00,21.3881,252.9956,404,1.9308,3.9295,0,0
2021-03-02 16:00,20.997,176.6734,404,1.9659,3.5891,0,0
2021-03-02 17:00,20.5026,86.2987,404,2.0037,3.2494,0,0
2021-03-02 18:00,20.0126,0,404,2.0405,2.9517,0,0
2021-03-02 19:00,19.6352,0,388,2.0723,2.7373,0,0
2021-03-02 20:00,19.4504,0,388,2.0963,2.6373,0,0
2021-03-02 21:00,19.427,0,388,2.1143,2.6425,0,0
2021-03-02 22:00,19.5057,0,388,2.1298,2.7334,0,0
2021-03-02 23:00,19.6275,0,388,2.1461,2.8906,0,0
2021-03-03 00:00,19.7332,0,388,2.1667,3.0946,0,0
2021-03-03 01:00,19.7638,0,390,2.1952,3.326,0.0284,0
2021-03-03 02:00,19.6819,0,390,2.2328,3.5672,0.0284,0
2021-03-03 03:00,19.5382,0,390,2.2717,3.8077,0.0284,0
2021-03-03 04:00,19.4055,0,390,2.3015,4.0387,0.0284,0
2021-03-03 05:00,19.3561,0,390,2.3116,4.2516,0.0284,0
2021-03-03 06:00,19.4628,0,390,2.2916,4.4377,0.0284,0
2021-03-03 07:00,19.7981,105.3112,372,2.2313,4.5883,0.0056,0
2021-03-03 08:00,20.3997,288.7857,372,2.126,4.695,0.0056,0
2021-03-03 09:00,21.1651,448.8062,372,1.9891,4.7509,0.0056,0
2021-03-03 10:00,21.957,574.4703,372,1.8377,4.7495,0.0056,0
2021-03-03 11:00,22.6381,657.2168,372,1.6869,4.6841,0.0056,0
2021-03-03 12:00,23.0711,691.4099,372,1.5505,4.5483,0.0056,0
2021-03-03 13:00,23.1185,812.1515,324,1.4411,4.3354,0,0
2021-03-03 14:00,22.6871,732.197,324,1.3673,4.0447,0,0
2021-03-03 15:00,21.8595,597.8298,324,1.325,3.6986,0,0
2021-03-03 16:00,20.7626,418.2158,324,1.3074,3.3255,0,0
2021-03-03 17:00,19.523,205.6059,324,1.3086,2.9537,0,0
2021-03-03 18:00,18.2675,0,324,1.3222,2.6114,0,0
2021-03-03 19:00,17.1229,0,300,1.3418,2.327,0,0
2021-03-03 20:00,16.1836,0,300,1.3615,2.1213,0,0
2021-03-03 21:00,15.4152,0,300,1.3798,1.9854,0,0
2021-03-03 22:00,14.7508,0,300,1.3965,1.9029,0,0
2021-03-03 23:00,14.1237,0,300,1.4115,1.8577,0,0
2021-03-04 00:00,13.467,0,300,1.4243,1.8332,0,0
2021-03-04 01:00,12.714,0,296,1.435,1.8132,0,0
2021-03-04 02:00,11.8368,0,296,1.4428,1.7848,0,0
2021-03-04 03:00,10.9634,0,296,1.4461,1.7486,0,0
2021-03-04 04:00,10.2606,0,296,1.443,1.7087,0,0
2021-03-04 05:00,9.8952,0,296,1.4316,1.669,0,0
2021-03-04 06:00,10.034,0,296,1.4103,1.6338,0,0
2021-03-04 07:00,10.8438,131.3559,303.2475,1.378,1.607,0,0
2021-03-04 08:00,12.4127,352.5639,303.2475,1.335,1.593,0,0
2021-03-04 09:00,14.5134,545.4312,303.2475,1.2852,1.5978,0,0
2021-03-04 10:00,16.8394,696.8173,303.2475,1.2328,1.6275,0,0
2021-03-04 11:00,19.0847,796.4089,303.2475,1.1813,1.6884,0,0
2021-03-04 12:00,20.943,837.4228,303.2475,1.1333,1.7867,0,0
2021-03-04 13:00,22.1081,818.1833,315,1.0907,1.9286,0,0
2021-03-04 14:00,22.3623,737.7448,315,1.0546,2.1145,0,0
2021-03-04 15:00,21.8419,602.739,315,1.0246,2.3211,0,0
2021-03-04 16:00,20.7719,422.3756,315,1.0006,2.519,0,0
2021-03-04 17:00,19.3771,208.9573,315,0.9832,2.6792,0,0
2021-03-04 18:00,17.8825,0,315,0.9736,2.7723,0,0
2021-03-04 19:00,16.5129,0,288,0.9735,2.7692,0,0
2021-03-04 20:00,15.4387,0,288,0.9844,2.6521,0,0
2021-03-04 21:00,14.6123,0,288,1.0045,2.4498,0,0
2021-03-04 22:00,13.9315,0,288,1.0309,2.2022,0,0
2021-03-04 23:00,13.2939,0,288,1.0608,1.9497,0,0
2021-03-05 00:00,12.5977,0,288,1.0911,1.7324,0,0
2021-03-05 01:00,11.7404,0,276.3822,1.1189,1.5903,0,0
2021-03-05 02:00,10.6736,0,276.3822,1.1412,1.5511,0,0
2021-03-05 03:00,9.5635,0,276.3822,1.1554,1.5915,0,0
2021-03-05 04:00,8.63,0,276.3822,1.1587,1.6756,0,0
2021-03-05 05:00,8.0928,0,276.3822,1.1484,1.7674,0,0
2021-03-05 06:00,8.1718,0,276.3822,1.1224,1.8311,0,0
2021-03-05 07:00,9.0869,138.3843,290,1.0793,1.8308,0,0
2021-03-05 08:00,10.955,363.8134,290,1.0213,1.7455,0,0
2021-03-05 09:00,13.482,560.2938,290,0.9595,1.6145,0,0
2021-03-05 10:00,16.2707,714.4393,290,0.9051,1.4919,0,0
2021-03-05 11:00,18.9242,815.7483,290,0.8669,1.432,0,0
2021-03-05 12:00,21.0454,857.3209,290,0.852,1.4888,0,0
2021-03-05 13:00,22.2372,799.6224,317,0.8674,1.7167,0,0
2021-03-05 14:00,22.2232,721.1076,317,0.9183,2.1464,0,0
2021-03-05 15:00,21.2098,589.5068,317,0.9978,2.7157,0,0
2021-03-05 16:00,19.524,413.7977,317,1.0964,3.339,0,0
2021-03-05 17:00,17.4928,205.9656,317,1.2031,3.9308,0,0
2021-03-05 18:00,15.4432,0,317,1.3038,4.4054,0,0
2021-03-05 19:00,13.7022,0,299,1.3816,4.6773,0,0
2021-03-05 20:00,12.5207,0,299,1.4213,4.6884,0,0
2021-03-05 21:00,11.8459,0,299,1.4261,4.4902,0,0
2021-03-05 22:00,11.5486,0,299,1.4055,4.162,0,0
2021-03-05 23:00,11.4999,0,299,1.37,3.7828,0,0
2021-03-06 00:00,11.5706,0,299,1.33,3.4318,0,0
2021-03-06 01:00,11.6318,0,308,1.2962,3.188,4e-4,0
2021-03-06 02:00,11.5911,0,308,1.2763,3.1093,4e-4,0
2021-03-06 03:00,11.5028,0,308,1.2691,3.168,4e-4,0
2021-03-06 04:00,11.458,0,308,1.2713,3.3152,4e-4,0
2021-03-06 05:00,11.5476,0,308,1.2792,3.5018,4e-4,0
2021-03-06 06:00,11.8627,0,308,1.2894,3.6789,4e-4,0
2021-03-06 07:00,12.4943,75.2587,348,1.2982,3.7975,0.0012,0
2021-03-06 08:00,13.4878,193.935,348,1.3027,3.8226,0.0012,0
2021-03-06 09:00,14.7063,297.3347,348,1.3036,3.775,0.0012,0
2021-03-06 10:00,15.9672,378.4134,348,1.3024,3.6896,0.0012,0
2021-03-06 11:00,17.088,431.6473,348,1.3009,3.601,0.0012,0
2021-03-06 12:00,17.8863,453.4109,348,1.3008,3.5441,0.0012,0
2021-03-06 13:00,18.1795,308.9412,354,1.3039,3.5537,0.0084,0
2021-03-06 14:00,17.8454,278.6415,354,1.3111,3.6525,0.0084,0
2021-03-06 15:00,17.0031,227.9253,354,1.3204,3.8149,0.0084,0
2021-03-06 16:00,15.832,160.2525,354,1.329,4.0033,0.0084,0
2021-03-06 17:00,14.5116,80.2394,354,1.3336,4.1801,0.0084,0
2021-03-06 18:00,13.2213,0,354,1.331,4.3076,0.0084,0
2021-03-06 19:00,12.1406,0,318,1.3177,4.3482,0,0
2021-03-06 20:00,11.4018,0,318,1.2919,4.2759,0,0
2021-03-06 21:00,10.9493,0,318,1.2566,4.1115,0,0
2021-03-06 22:00,10.6806,0,318,1.2161,3.8872,0,0
2021-03-06 23:00,10.4929,0,318,1.1744,3.6354,0,0
2021-03-07 00:00,10.2838,0,318,1.1357,3.3885,0,0
2021-03-07 01:00,9.9504,0,283,1.1036,3.1788,0,0
2021-03-07 02:00,9.4328,0,283,1.0806,3.0344,0,0
2021-03-07 03:00,8.8407,0,283,1.0647,2.9661,0,0
2021-03-07 04:00,8.3263,0,283,1.0528,2.9806,0,0
2021-03-07 05:00,8.0421,0,283,1.0419,3.0845,0,0
2021-03-07 06:00,8.1403,0,283,1.0289,3.2843,0,0
2021-03-07 07:00,8.7731,143.5933,287.4223,1.011,3.5868,0,0
2021-03-07 08:00,10.0241,362.9386,287.4223,0.9864,3.9875,0,0
2021-03-07 09:00,11.7017,553.9791,287.4223,0.9575,4.4378,0,0
2021-03-07 10:00,13.5453,703.6991,287.4223,0.9269,4.8783,0,0
2021-03-07 11:00,15.2945,801.8989,287.4223,0.8973,5.2495,0,0
2021-03-07 12:00,16.6888,841.8908,287.4223,0.8705,5.4918,0,0
2021-03-07 13:00,17.4678,843.3566,281,0.8483,5.5458,0,0
2021-03-07 14:00,17.4491,760.7314,281,0.8317,5.3731,0,0
2021-03-07 15:00,16.7624,622.6282,281,0.8199,5.0204,0,0
2021-03-07 16:00,15.6154,438.4686,281,0.8122,4.5555,0,0
2021-03-07 17:00,14.2157,220.8152,281,0.808,4.0463,0,0
2021-03-07 18:00,12.7712,0,281,0.807,3.5607,0,0
2021-03-07 19:00,11.4896,0,256,0.8092,3.1665,0,0
2021-03-07 20:00,10.5282,0,256,0.8143,2.9141,0,0
2021-03-07 21:00,9.8423,0,256,0.8214,2.7841,0,0
2021-03-07 22:00,9.3372,0,256,0.8291,2.7396,0,0
2021-03-07 23:00,8.9178,0,256,0.8361,2.7437,0,0
2021-03-08 00:00,8.4891,0,256,0.8408,2.7596,0,0
2021-03-08 01:00,7.9561,0,259,0.8419,2.7504,0,0
2021-03-08 02:00,7.2698,0,259,0.8383,2.691,0,0
2021-03-08 03:00,6.5637,0,259,0.8306,2.604,0,0
2021-03-08 04:00,6.0173,0,259,0.8205,2.5237,0,0
2021-03-08 05:00,5.8101,0,259,0.8095,2.4846,0,0
2021-03-08 06:00,6.1217,0,259,0.7994,2.5208,0,0
2021-03-08 07:00,7.1314,153.4866,277.0219,0.7921,2.6669,0,0
2021-03-08 08:00,8.9336,380.759,277.0219,0.7886,2.942,0,0
2021-03-08 09:00,11.2818,578.629,277.0219,0.7886,3.3052,0,0
2021-03-08 10:00,13.8444,733.6157,277.0219,0.7915,3.7003,0,0
2021-03-08 11:00,16.2897,835.1608,277.0219,0.7974,4.0712,0,0
2021-03-08 12:00,18.2863,876.3489,277.0219,0.8066,4.3617,0,0
2021-03-08 13:00,19.5024,842.4165,294.443,0.82,4.5157,0,0
2021-03-08 14:00,19.7063,759.9639,294.443,0.8389,4.4951,0,0
2021-03-08 15:00,19.0653,622.349,294.443,0.8629,4.3338,0,0
2021-03-08 16:00,17.8466,438.9609,294.443,0.8914,4.084,0,0
2021-03-08 17:00,16.3174,222.3098,294.443,0.9234,3.7976,0,0
2021-03-08 18:00,14.7449,0,294.443,0.9576,3.5266,0,0
2021-03-08 19:00,13.3962,0,281,0.9922,3.323,0,0
2021-03-08 20:00,12.4739,0,281,1.0253,3.2239,0,0
2021-03-08 21:00,11.9217,0,281,1.0564,3.2063,0,0
2021-03-08 22:00,11.6186,0,281,1.0853,3.2325,0,0
2021-03-08 23:00,11.4438,0,281,1.1122,3.2646,0,0
2021-03-09 00:00,11.2761,0,281,1.1372,3.2647,0,0
2021-03-09 01:00,10.9948,0,284,1.161,3.1951,0,0
2021-03-09 02:00,10.5264,0,284,1.1837,3.0335,0,0
2021-03-09 03:00,9.9872,0,284,1.2044,2.8204,0,0
2021-03-09 04:00,9.5412,0,284,1.2218,2.6119,0,0
2021-03-09 05:00,9.3522,0,284,1.2342,2.4641,0,0
2021-03-09 06:00,9.5843,0,284,1.24,2.4331,0,0
2021-03-09 07:00,10.4012,150.9492,311.4391,1.2378,2.575,0,0
2021-03-09 08:00,11.8941,367.7577,311.4391,1.2268,2.9228,0,0
2021-03-09 09:00,13.8632,556.4443,311.4391,1.2099,3.4164,0,0
2021-03-09 10:00,16.0356,704.1539,311.4391,1.1909,3.9727,0,0
2021-03-09 11:00,18.1389,800.8239,311.4391,1.1732,4.5086,0,0
2021-03-09 12:00,19.9002,839.871,311.4391,1.1599,4.9409,0,0
2021-03-09 13:00,21.0468,710.29,338.7634,1.1542,5.1863,0,0
2021-03-09 14:00,21.3831,640.831,338.7634,1.1581,5.1858,0,0
2021-03-09 15:00,21.0202,525.0753,338.7634,1.1698,4.9763,0,0
2021-03-09 16:00,20.1466,370.9206,338.7634,1.1866,4.6185,0,0
2021-03-09 17:00,18.9504,188.8832,338.7634,1.2057,4.1734,0,0
2021-03-09 18:00,17.6199,0,338.7634,1.224,3.7017,0,0
2021-03-09 19:00,16.3433,0,300,1.2381,3.2644,0,0
2021-03-09 20:00,15.2716,0,300,1.2461,2.9099,0,0
2021-03-09 21:00,14.4063,0,300,1.2517,2.6369,0,0
2021-03-09 22:00,13.7116,0,300,1.2605,2.4319,0,0
2021-03-09 23:00,13.1519,0,300,1.278,2.281,0,0
2021-03-10 00:00,12.6913,0,300,1.3102,2.1708,0,0
2021-03-10 01:00,12.2941,0,315,1.3629,2.0876,0.0024,0
2021-03-10 02:00,11.9448,0,315,1.4388,2.0236,0.0024,0
2021-03-10 03:00,11.7091,0,315,1.5271,1.995,0.0024,0
2021-03-10 04:00,11.673,0,315,1.6131,2.0242,0.0024,0
2021-03-10 05:00,11.9224,0,315,1.6814,2.1331,0.0024,0
2021-03-10 06:00,12.5433,0,315,1.7169,2.3441,0.0024,0
2021-03-10 07:00,13.6217,138.639,341,1.7056,2.6794,8e-4,0
2021-03-10 08:00,15.1907,331.9159,341,1.6414,3.1463,8e-4,0
2021-03-10 09:00,17.0717,500.0562,341,1.5423,3.6941,8e-4,0
2021-03-10 10:00,19.0334,631.6045,341,1.4302,4.257,8e-4,0
2021-03-10 11:00,20.8443,717.5994,341,1.3241,4.7695,8e-4,0
2021-03-10 12:00,22.273,752.1849,341,1.2399,5.1659,8e-4,0
2021-03-10 13:00,23.0881,566.2316,358,1.1917,5.3805,8e-4,0
2021-03-10 14:00,23.13,510.9047,358,1.1889,5.3684,8e-4,0
2021-03-10 15:00,22.5254,418.8404,358,1.2243,5.1665,8e-4,0
2021-03-10 16:00,21.4731,296.3204,358,1.2875,4.8325,8e-4,0
2021-03-10 17:00,20.1716,151.7029,358,1.368,4.4241,8e-4,0
2021-03-10 18:00,18.8195,0,358,1.4545,3.9988,8e-4,0
2021-03-10 19:00,17.6155,0,325,1.5338,3.6143,0,0
2021-03-10 20:00,16.7133,0,325,1.5945,3.3152,0,0
2021-03-10 21:00,16.0874,0,325,1.6362,3.0948,0,0
2021-03-10 22:00,15.6672,0,325,1.6627,2.933,0,0
2021-03-10 23:00,15.3825,0,325,1.6777,2.8103,0,0
2021-03-11 00:00,15.1628,0,325,1.6857,2.7067,0,0
2021-03-11 01:00,14.9376,0,330.5399,1.691,2.6025,0,0
2021-03-11 02:00,14.6631,0,330.5399,1.6972,2.4852,0,0
2021-03-11 03:00,14.4014,0,330.5399,1.7046,2.3719,0,0
2021-03-11 04:00,14.2408,0,330.5399,1.7124,2.2872,0,0
2021-03-11 05:00,14.2701,0,330.5399,1.72,2.2556,0,0
2021-03-11 06:00,14.5778,0,330.5399,1.7266,2.3015,0,0
2021-03-11 07:00,15.2524,99.8874,370,1.7314,2.4494,0.0068,0
2021-03-11 08:00,16.3386,235.134,370,1.7335,2.7122,0.0068,0
2021-03-11 09:00,17.7056,352.7431,370,1.7329,3.0556,0.0068,0
2021-03-11 10:00,19.1786,444.702,370,1.7302,3.4337,0.0068,0
2021-03-11 11:00,20.5832,504.7463,370,1.7259,3.8006,0.0068,0
2021-03-11 12:00,21.7446,528.7873,370,1.721,4.1103,0.0068,0
2021-03-11 13:00,22.488,726.2614,360,1.7163,4.3169,4e-4,0
2021-03-11 14:00,22.6912,655.3497,360,1.7128,4.3875,4e-4,0
2021-03-11 15:00,22.4412,537.5345,360,1.7115,4.3411,4e-4,0
2021-03-11 16:00,21.8769,380.8549,360,1.7135,4.21,4e-4,0
2021-03-11 17:00,21.1376,195.9995,360,1.7198,4.0262,4e-4,0
2021-03-11 18:00,20.3626,0,360,1.7316,3.8218,4e-4,0
2021-03-11 19:00,19.6911,0,358,1.7502,3.6291,0,0
2021-03-11 20:00,19.2273,0,358,1.7765,3.4732,0,0
2021-03-11 21:00,18.9362,0,358,1.8093,3.352,0,0
2021-03-11 22:00,18.7479,0,358,1.8467,3.2566,0,0
2021-03-11 23:00,18.5923,0,358,1.8869,3.178,0,0
2021-03-12 00:00,18.3997,0,358,1.9285,3.1071,0,0
2021-03-12 01:00,18.0999,0,352,1.9697,3.0351,0,0
2021-03-12 02:00,17.6575,0,352,2.0089,2.9586,0,0
2021-03-12 03:00,17.1747,0,352,2.0427,2.8963,0,0
2021-03-12 04:00,16.788,0,352,2.0668,2.873,0,0
2021-03-12 05:00,16.6342,0,352,2.0769,2.913,0,0
2021-03-12 06:00,16.8499,0,352,2.0688,3.0408,0,0
2021-03-12 07:00,17.5716,143.2637,373,2.0387,3.281,0.004,0
2021-03-12 08:00,18.8722,331.7754,373,1.9858,3.6434,0.004,0
2021-03-12 09:00,20.5701,495.6348,373,1.9183,4.0794,0.004,0
2021-03-12 10:00,22.4195,623.6783,373,1.8457,4.5257,0.004,0
2021-03-12 11:00,24.1752,707.1835,373,1.7765,4.919,0.004,0
2021-03-12 12:00,25.5915,740.4643,373,1.7174,5.1962,0.004,0
2021-03-12 13:00,26.423,795.29,368.7296,1.6748,5.2939,0,0
2021-03-12 14:00,26.4972,717.6896,368.7296,1.6525,5.1695,0,0
2021-03-12 15:00,25.934,588.9641,368.7296,1.6483,4.8631,0,0
2021-03-12 16:00,24.9264,417.8971,368.7296,1.6588,4.4355,0,0
2021-03-12 17:00,23.6674,216.1593,368.7296,1.6811,3.9476,0,0
2021-03-12 18:00,22.35,0,368.7296,1.7122,3.4599,0,0
2021-03-12 19:00,21.1672,0,343,1.7492,3.0335,0,0
2021-03-12 20:00,20.2655,0,343,1.7892,2.715,0,0
2021-03-12 21:00,19.6063,0,343,1.8314,2.4959,0,0
2021-03-12 22:00,19.1041,0,343,1.8761,2.3536,0,0
2021-03-12 23:00,18.6739,0,343,1.9233,2.2654,0,0
2021-03-13 00:00,18.2305,0,343,1.9735,2.2089,0,0
2021-03-13 01:00,17.6885,0,348.1357,2.0271,2.1615,0,0
2021-03-13 02:00,17.0068,0,348.1357,2.0834,2.1045,0,0
2021-03-13 03:00,16.3197,0,348.1357,2.1351,2.0345,0,0
2021-03-13 04:00,15.8054,0,348.1357,2.1725,1.9522,0,0
2021-03-13 05:00,15.6423,0,348.1357,2.1854,1.8581,0,0
2021-03-13 06:00,16.0084,0,348.1357,2.1642,1.7527,0,0
2021-03-13 07:00,17.0821,163.812,364.1357,2.1005,1.6367,0,0
2021-03-13 08:00,18.9559,373.4131,364.1357,1.9936,1.5136,0,0
2021-03-13 09:00,21.3786,555.5264,364.1357,1.8636,1.399,0,0
2021-03-13 10:00,24.0135,697.7444,364.1357,1.733,1.3114,0,0
2021-03-13 11:00,26.5237,790.3797,364.1357,1.6196,1.2695,0,0
2021-03-13 12:00,28.5724,827.1244,364.1357,1.5379,1.2919,0,0
2021-03-13 13:00,29.8228,430.3568,417.1357,1.5,1.3971,8e-4,0
2021-03-13 14:00,30.037,388.3896,417.1357,1.5139,1.5937,8e-4,0
2021-03-13 15:00,29.3739,318.8844,417.1357,1.5706,1.8506,8e-4,0
2021-03-13 16:00,28.0911,226.5839,417.1357,1.6581,2.1267,8e-4,0
2021-03-13 17:00,26.4464,117.7853,417.1357,1.7642,2.3806,8e-4,0
2021-03-13 18:00,24.6977,0,417.1357,1.8752,2.5715,8e-4,0
2021-03-13 19:00,23.1027,0,363,1.9749,2.6579,4e-4,0
2021-03-13 20:00,21.8602,0,363,2.0486,2.6112,4e-4,0
2021-03-13 21:00,20.9333,0,363,2.0969,2.4512,4e-4,0
2021-03-13 22:00,20.2259,0,363,2.1255,2.2102,4e-4,0
2021-03-13 23:00,19.642,0,363,2.1408,1.9206,4e-4,0
2021-03-14 00:00,19.0857,0,363,2.1496,1.6145,4e-4,0
2021-03-14 01:00,18.4611,0,350,2.1592,1.3244,0,0
2021-03-14 02:00,17.7163,0,350,2.1743,1.0789,0,0
2021-03-14 03:00,16.9761,0,350,2.1906,0.8936,0,0
2021-03-14 04:00,16.4094,0,350,2.2008,0.7805,0,0
2021-03-14 05:00,16.1852,0,350,2.1976,0.7515,0,0
2021-03-14 06:00,16.4724,0,350,2.174,0.8187,0,0
2021-03-14 07:00,17.44,168.5675,372,2.1235,0.9941,4e-4,0
2021-03-14 08:00,19.1729,378.4227,372,2.0449,1.28,4e-4,0
2021-03-14 09:00,21.4205,560.6775,372,1.9517,1.6394,4e-4,0
2021-03-14 10:00,23.848,702.915,372,1.8587,2.0257,4e-4,0
2021-03-14 11:00,26.1207,795.4463,372,1.7784,2.3923,4e-4,0
2021-03-14 12:00,27.9039,831.9711,372,1.721,2.6926,4e-4,0
2021-03-14 13:00,28.8628,488.7444,398,1.6956,2.8798,0.0176,0
2021-03-14 14:00,28.7663,441.1088,398,1.7083,2.92,0.0176,0
2021-03-14 15:00,27.7961,362.3429,398,1.753,2.8295,0.0176,0
2021-03-14 16:00,26.2377,257.8215,398,1.8209,2.6371000000000002,0.0176,0
2021-03-14 17:00,24.3763,134.6758,398,1.9031,2.372,0.0176,0
2021-03-14 18:00,22.4972,1.3067,398,1.9892,2.0629,0.0176,0
2021-03-14 19:00,20.8858,0,373.5399,2.067,1.7389,0.0076,0
2021-03-14 20:00,19.7595,0,373.5399,2.1249,1.4303,0.0076,0
2021-03-14 21:00,19.0652,0,373.5399,2.1608,1.1731,0.0076,0
2021-03-14 22:00,18.6818,0,373.5399,2.176,1.0047,0.0076,0
2021-03-14 23:00,18.4883,0,373.5399,2.1722,0.9626,0.0076,0
2021-03-15 00:00,18.3636,0,373.5399,2.1517,1.0843,0.0076,0
2021-03-15 01:00,18.1868,0,391.6746,2.1165,1.4072,0.004,0
2021-03-15 02:00,17.8689,0,391.6746,2.0687,1.9506,0.004,0
2021-03-15 03:00,17.4493,0,391.6746,2.0109,2.6614,0.004,0
2021-03-15 04:00,16.9994,0,391.6746,1.9458,3.4683,0.004,0
2021-03-15 05:00,16.5908,0,391.6746,1.8768,4.3,0.004,0
2021-03-15 06:00,16.2947,0,391.6746,1.8076,5.0853,0.004,0
2021-03-15 07:00,16.1828,101.9717,375,1.7424,5.7528,0,0
2021-03-15 08:00,16.3034,225.5581,375,1.6849,6.2477,0,0
2021-03-15 09:00,16.6129,332.8427,375,1.6361,6.5804,0,0
2021-03-15 10:00,17.0447,416.5164,375,1.5959,6.7777,0,0
2021-03-15 11:00,17.5322,470.8798,375,1.5642,6.8663,0,0
2021-03-15 12:00,18.0088,492.2313,375,1.5403,6.8731,0,0
2021-03-15 13:00,18.4078,362.583,378.0558,1.5238,6.8249,0,0
2021-03-15 14:00,18.6672,327.2606,378.0558,1.5144,6.7451,0,0
2021-03-15 15:00,18.7434,268.9499,378.0558,1.5122,6.6442,0,0
2021-03-15 16:00,18.5975,191.6299,378.0558,1.5176,6.5293,0,0
2021-03-15 17:00,18.1903,100.5762,378.0558,1.5313,6.4077,0,0
2021-03-15 18:00,17.483,2.0004,378.0558,1.554,6.2866,0,0
2021-03-15 19:00,16.4364,NA,NA,1.5865,6.173,NA,0
